timestamp,user_question,ai_answer,rating,feedback_text
2025-11-26 16:05:07,안녕!,안녕하세요! 무엇을 도와드릴까요?,👍 좋았어요,
2025-11-26 21:14:06,아아앙4,"죄송합니다, '아아앙4'이 무엇을 의미하는지 잘 모르겠습니다. 어떤 도시의 날씨가 궁금하신가요?",👎 아쉬워요,"제대로 출제자의 의도를 파악하라고!
"
2025-12-10 13:49:32,,"안녕! 나는 데이터 탐정 조수야. 🕵️

**'아날로그'**와 **'디지털'**이 무엇인지 궁금하거나, **트리 알고리즘** 만드는 게 어려우면 나에게 물어봐 줘!",👍 좋았어요,
2025-12-10 13:52:00,,"안녕! 나는 데이터 탐정 조수야. 🕵️

**'아날로그'**와 **'디지털'**이 무엇인지 궁금하거나, **트리 알고리즘** 만드는 게 어려우면 나에게 물어봐 줘!",👍 좋았어요,
2025-12-10 14:41:04,,"안녕! 나는 데이터 탐정 조수야. 🕵️

**'아날로그'**와 **'디지털'**이 무엇인지 궁금하거나, **트리 알고리즘** 만드는 게 어려우면 나에게 물어봐 줘!",👍 좋았어요,
2025-12-10 15:28:10,,"안녕! 나는 데이터 탐정 조수야. 🕵️

**'아날로그'**와 **'디지털'**이 무엇인지 궁금하거나, **트리 알고리즘** 만드는 게 어려우면 나에게 물어봐 줘!",👍 좋았어요,
2025-12-10 15:28:17,,"안녕! 나는 데이터 탐정 조수야. 🕵️

**'아날로그'**와 **'디지털'**이 무엇인지 궁금하거나, **트리 알고리즘** 만드는 게 어려우면 나에게 물어봐 줘!",👎 아쉬워요,123'
2025-12-10 15:30:21,,"안녕! 나는 데이터 탐정 조수야. 🕵️

**'아날로그'**와 **'디지털'**이 무엇인지 궁금하거나, **트리 알고리즘** 만드는 게 어려우면 나에게 물어봐 줘!",👍 좋았어요,
